{
  "exp_tag": "_all_features_no_lag_pseudolabel",
  "flags": {
    "USE_SLEEP_REFINED": true,
    "USE_APP_CATEGORY": true,
    "USE_PERSONAL_RELATIVE": true,
    "USE_HR_FREQ": true
  },
  "avg_oof": 0.46319502994336287,
  "per_target_oof": {
    "Q1": 0.5226492027825662,
    "Q2": 0.48608960599423257,
    "Q3": 0.4709232531990598,
    "S1": 0.4100250993299042,
    "S2": 0.44647937592406767,
    "S3": 0.40757415317366097,
    "S4": 0.4986245192000485
  },
  "n_features": 263,
  "timestamp": "2026-04-24T10:00:43.263399"
}