{
  "exp_tag": "_all_features_no_lag_pseudolabel",
  "flags": {
    "USE_SLEEP_REFINED": true,
    "USE_APP_CATEGORY": true,
    "USE_PERSONAL_RELATIVE": true,
    "USE_HR_FREQ": true
  },
  "avg_oof": 0.47211783069032975,
  "per_target_oof": {
    "Q1": 0.5480750541265297,
    "Q2": 0.4847658138212544,
    "Q3": 0.4682562367254976,
    "S1": 0.41921433729334673,
    "S2": 0.4477538894970344,
    "S3": 0.41995343297127596,
    "S4": 0.5168060503973699
  },
  "n_features": 263,
  "timestamp": "2026-04-24T16:45:08.450910"
}